first_use_any_dt,first_use_any_dt_raw,first_use_com_dt,first_use_com_dt_raw,class_intl_count,class_primary_cd,class_status_cd,class_status_dt,class_us_count,class_id,serial_no
1920-09-13,19200913,1920-09-13,19200913,1,009,6,2010-04-08,5,1,60146682
1921-07-18,19210718,1921-07-18,19210718,1,009,6,2010-04-08,5,2,60149828
,18840100,,18840100,1,016,9,1995-05-15,1,3,70011408
,0,,0,1,046,9,1995-08-28,1,4,70011709
,0,,0,1,046,9,1995-08-28,1,5,70011710
,0,,0,1,046,9,1995-08-28,1,6,70011711
,18840100,,18840100,1,018,9,1995-10-23,1,7,70011863
,0,,0,1,047,2,1985-11-01,1,8,70012355
,18840300,,18840300,2,004,9,2006-05-06,1,9,70012441
,18840200,,18840200,2,004,9,1996-05-06,1,10,70012442
,18840500,,18840500,2,004,9,2006-05-06,1,11,70012443
1885-11-01,18851101,1885-11-01,18851101,1,052,9,1996-09-23,1,12,70012857
1886-01-27,18860127,1886-01-27,18860127,1,046,1,1991-10-31,1,13,70013054
,18760100,,18760100,1,048,6,,1,14,70013064
1880-08-19,18800819,1880-08-19,18800819,1,046,6,1983-03-01,1,15,70013253
,18830200,,18830200,2,035,9,1997-02-17,1,16,70013299
,18790100,,18790100,1,052,9,1997-12-02,1,18,70014118
1877-02-07,18770207,1877-02-07,18770207,1,017,9,1983-03-01,1,19,70014244
1887-03-01,18870301,1887-03-01,18870301,1,052,9,1998-02-17,1,20,70014364
,18840400,,18840400,1,052,9,1998-03-02,1,21,70014441
1886-04-19,18860419,1886-04-19,18860419,1,018,9,1983-03-01,1,22,70014527
1887-11-30,18871130,1887-11-30,18871130,1,052,9,1998-10-19,1,23,70015086
1874-06-01,18740601,1874-06-01,18740601,1,014,9,1983-10-09,1,24,70015226
,18680000,,18680000,1,035,9,1998-12-28,1,25,70015321
,18860300,,18860300,1,023,9,1985-07-16,1,26,70015376
,0,,0,1,038,9,1985-07-16,1,27,70015437
1888-06-28,18880628,1888-06-28,18880628,1,046,9,1999-05-24,1,28,70015801
,18800000,,18800000,1,023,9,1999-07-26,1,29,70015960
1887-04-23,18870423,1887-04-23,18870423,1,037,9,1999-09-27,1,30,70016114
,18800000,,18800000,1,049,9,1983-03-01,1,31,70016140
1885-04-20,18850420,1885-04-20,18850420,2,052,9,2000-04-06,1,32,70016314
,18880200,,18880200,1,051,9,2000-12-23,1,33,70016443
1871-01-01,18710101,1871-01-01,18710101,1,049,9,2000-12-23,1,34,70016486
,18780000,,18880200,1,031,9,1985-07-16,1,35,70016487
1888-05-15,18880515,1888-05-15,18880515,1,039,9,1983-03-01,1,36,70016709
1889-11-27,18891127,1889-11-27,18891127,1,046,2,2001-05-06,1,38,70017825
,18800300,,18800300,1,030,2,2021-10-15,1,39,70017953
1890-03-28,18900328,1890-03-28,18900328,1,018,2,2001-06-02,1,40,70017960
,18690800,,18690800,2,052,2,2015-03-06,1,42,70018423
,0,,0,1,046,9,1985-07-16,1,43,70018541
1878-11-01,18781101,1878-11-01,18781101,1,018,2,2002-03-30,1,44,70019225
1889-01-01,18890101,1889-01-01,18890101,1,045,2,2002-06-08,1,45,70019634
,18580000,1885-08-11,18850811,1,046,2,2015-03-06,1,47,70019679
,18580000,,18580000,1,046,2,2015-03-06,1,48,70019680
1890-12-01,18901201,1890-12-01,18901201,1,035,2,2002-06-29,1,49,70019752
,18600000,,18600000,1,018,2,2002-07-20,1,50,70019979
1891-07-01,18910701,1891-07-01,18910701,1,046,9,1983-03-01,1,51,70020157
1891-03-01,18910301,1891-03-01,18910301,1,046,2,2002-07-20,1,52,70020175
1889-01-01,18890101,1889-01-01,18890101,1,039,9,1983-03-01,1,53,70020737
,18690000,,18690000,1,015,2,2002-11-30,1,54,70020770
,18620000,,18620000,1,036,2,2015-03-06,1,55,70020903
1892-01-15,18920115,1892-01-15,18920115,1,040,9,1983-03-01,1,56,70020911
,18871000,,18871000,1,046,9,2008-11-24,1,57,70020942
1891-04-01,18910401,1891-04-01,18910401,1,014,9,2007-11-02,1,58,70020952
1892-03-01,18920301,1892-03-01,18920301,1,040,9,1983-03-01,1,59,70020970
,18910500,,18910500,1,051,6,1999-11-02,1,60,70021085
1890-03-01,18900301,1890-03-01,18900301,1,046,9,1983-03-01,1,61,70021191
,18740000,,18740000,1,046,2,2003-03-01,1,62,70021208
1891-01-15,18910115,1891-01-15,18910115,1,045,9,1983-03-01,1,63,70021318
,18910500,,18910500,1,046,2,2003-03-22,1,64,70021340
,18740200,,18740200,1,027,6,1999-11-02,1,66,70021464
1850-07-11,18500711,1850-07-11,18500711,1,049,2,2003-05-10,1,67,70021571
1891-04-01,18910401,1891-04-01,18910401,1,044,9,1983-03-01,1,68,70021630
1879-04-01,18790401,1879-04-01,18790401,1,018,9,1983-03-01,1,69,70021647
1892-05-15,18920515,1892-05-15,18920515,1,052,2,2003-05-24,1,70,70021676
,18520000,,18520000,1,047,2,2003-06-07,1,71,70021716
1892-08-20,18920820,1892-08-20,18920820,1,046,2,2003-07-12,1,73,70021856
1838-01-01,18380101,1838-01-01,18380101,1,051,2,2003-08-02,1,74,70021900
1892-06-01,18920601,1892-06-01,18920601,1,011,9,1983-03-01,1,75,70021933
,18920100,,18920100,1,046,9,1983-03-01,1,76,70022212
1875-02-01,18750201,1875-02-01,18750201,1,018,9,1983-03-01,1,77,70022266
,18870000,,18870000,1,013,2,2003-10-11,1,78,70022335
,0,,0,1,043,9,1983-03-01,1,79,70022384
,0,,0,1,043,9,1983-03-01,1,80,70022386
,0,,0,1,043,9,1983-03-01,1,81,70022387
1892-05-15,18920515,1892-05-15,18920515,1,016,6,1984-11-03,1,82,70022394
1887-06-28,18870628,1887-06-28,18870628,1,045,6,1999-11-02,1,83,70022406
1892-09-08,18920908,1892-09-08,18920908,1,052,9,1983-03-01,1,84,70022436
1870-06-04,18700604,1870-06-04,18700604,1,018,9,1983-03-01,1,85,70022443
1893-01-24,18930124,1893-01-24,18930124,1,046,9,1983-03-01,1,86,70022536
,18690000,,18690000,1,051,2,2003-12-06,1,87,70022546
,18690000,,18690000,1,052,2,2003-12-06,1,88,70022547
1883-11-11,18831111,1883-11-11,18831111,1,051,2,2003-12-06,1,89,70022548
1892-12-15,18921215,1892-12-15,18921215,1,021,2,2003-12-13,1,90,70022623
,17760600,,17760600,1,014,9,1983-03-01,1,91,70022752
,17760600,,17760600,1,014,9,1983-03-01,1,92,70022753
,18781100,,18781100,1,052,9,1983-03-01,1,93,70022843
1843-03-01,18430301,1843-03-01,18430301,1,039,6,1999-11-02,1,94,70023017
,18871000,,18871000,6,046,2,2015-03-06,1,95,70023089
,18871000,,18871000,1,046,9,1983-03-01,1,96,70023126
1893-03-01,18930301,1893-03-01,18930301,1,046,2,2004-04-10,1,97,70023291
1878-06-01,18780601,1878-06-01,18780601,1,018,2,2004-04-17,1,98,70023353
1890-07-01,18900701,1890-07-01,18900701,1,035,2,2004-05-01,1,99,70023420
1879-04-01,18790401,1879-04-01,18790401,1,018,2,2004-05-08,1,100,70023441
1879-04-01,18790401,1879-04-01,18790401,1,044,2,2004-05-08,1,101,70023441
,18860000,,18860000,1,046,9,1983-03-01,1,102,70023463
,18860000,,18860000,1,046,9,1983-03-01,1,103,70023464
,18910000,,18910000,1,046,9,1983-03-01,1,104,70023481
1893-06-18,18930618,1893-06-18,18930618,1,007,2,2004-05-22,1,105,70023509
1875-05-29,18750529,1875-05-29,18750529,1,035,9,1985-07-16,1,106,70023616
1875-05-29,18750529,1875-05-29,18750529,1,035,9,1983-03-01,1,107,70023617
,18920000,,18920000,1,026,9,1983-03-01,1,108,70023640
,0,,0,0,023,1,1982-03-09,1,109,70023649
,0,,0,1,006,9,1983-03-01,1,110,70023664
1887-08-01,18870801,1887-08-01,18870801,1,046,2,2015-03-06,1,111,70023770
1890-11-13,18901113,1890-11-13,18901113,1,046,9,,1,113,70023788
,18920800,,18920800,0,018,9,1983-03-01,1,114,70023794
,0,,0,1,018,9,1983-03-01,1,115,70023823
,18870000,,18870000,1,018,6,1999-11-02,1,116,70023850
1893-10-07,18931007,1893-10-07,18931007,1,045,2,2004-09-04,1,117,70023873
,18690000,,18690000,1,018,6,1999-11-02,1,118,70023877
,18590600,,18590600,1,018,2,2004-09-11,1,119,70023896
,18910000,,18910000,1,018,6,1999-11-02,1,120,70023898
,18870000,,18870000,1,018,6,1999-11-02,1,121,70023899
,18740700,,18740700,1,046,9,1983-03-01,1,122,70024004
,18850400,,18850400,1,018,2,2015-03-06,1,123,70024049
,18780000,,18780000,1,045,6,1999-11-02,1,124,70024058
1893-08-20,18930820,1893-08-20,18930820,1,051,2,2004-12-11,1,125,70024295
1881-12-02,18811202,1881-12-02,18811202,1,046,9,1983-03-01,1,128,70024555
,18600100,,18600100,1,046,2,2015-03-06,1,129,70024620
,18680100,,18680100,1,019,9,1984-09-04,1,130,70024657
1891-01-01,18910101,1891-01-01,18910101,1,046,2,2011-02-09,1,131,70024818
1881-12-02,18811202,1881-12-02,18811202,1,046,9,1984-09-04,1,132,70025029
1894-03-10,18940310,1894-03-10,18940310,1,027,6,1999-11-02,1,133,70025036
1894-06-19,18940619,1894-06-19,18940619,1,046,9,1983-03-01,1,134,70025043
1894-01-15,18940115,1894-01-15,18940115,1,011,9,1983-03-01,1,135,70025119
,18861100,,18861100,1,002,9,,1,136,70025168
1891-07-11,18910711,1891-07-11,18910711,1,046,2,2016-02-20,1,138,70025222
1881-12-26,18811226,1881-12-26,18811226,1,018,9,2005-08-13,1,139,70025455
1881-07-20,18810720,1881-07-20,18810720,1,018,9,1983-03-01,1,140,70025494
,18680000,,18680000,2,034,2,2020-03-16,1,141,70025550
1893-08-24,18930824,1893-08-24,18930824,1,008,9,1987-07-23,1,143,70025573
1894-01-01,18940101,1894-01-01,18940101,1,046,9,1983-03-01,1,144,70025592
,18781100,,18781100,1,043,9,1983-03-01,1,145,70025627
,18810700,,18810700,0,043,9,1983-03-01,1,146,70025628
,18780000,,18780000,1,043,9,2005-09-17,1,147,70025629
,18830500,,18830500,1,043,9,1983-03-01,1,148,70025630
,18930000,,18930000,1,043,9,1983-03-01,1,149,70025631
,18890000,,18890000,1,043,9,1983-03-01,1,150,70025632
,18650000,,18650000,1,043,9,1983-03-01,1,151,70025633
,18860600,,18860600,1,043,9,1983-03-01,1,152,70025636
,18750000,,18750000,1,043,9,1983-03-01,1,154,70025669
,18750000,,18750000,1,043,9,2005-09-24,1,155,70025674
1894-03-17,18940317,1894-03-17,18940317,1,015,9,1983-03-01,1,156,70025770
1892-02-01,18920201,1892-02-01,18920201,1,014,9,1983-03-01,1,157,70025884
1892-10-01,18921001,1892-10-01,18921001,1,007,9,1983-03-01,1,158,70025928
,18530000,,18530000,0,046,9,1983-03-01,1,159,70025989
1892-07-07,18920707,1892-07-07,18920707,1,051,9,1983-03-01,1,160,70026078
1892-03-31,18920331,1892-03-31,18920331,1,023,9,1983-03-01,1,161,70026104
1894-09-21,18940921,1894-09-21,18940921,1,001,9,1983-03-01,1,162,70026109
1894-09-21,18940921,1894-09-21,18940921,1,046,9,1983-03-01,1,163,70026110
1894-10-15,18941015,1894-10-15,18941015,1,018,9,1984-09-12,1,164,70026127
1894-12-01,18941201,1894-12-01,18941201,1,046,9,2005-12-10,1,165,70026186
1891-06-16,18910616,1891-06-16,18910616,1,046,9,2005-12-24,1,166,70026252
1891-06-16,18910616,1891-06-16,18910616,1,046,6,1999-11-02,1,167,70026253
1891-06-16,18910616,1891-06-16,18910616,1,046,9,2005-12-24,1,168,70026254
1895-01-02,18950102,1895-01-02,18950102,1,026,2,2006-02-14,1,169,70026342
,18530000,,18530000,1,046,9,1983-03-01,1,170,70026355
1894-08-24,18940824,1894-08-24,18940824,1,046,9,2006-01-28,1,171,70026462
,18580000,,18580000,1,017,9,2006-01-28,1,172,70026468
,18851200,,18851200,1,025,9,1983-03-01,1,173,70026528
1895-03-15,18950315,1895-03-15,18950315,1,046,9,1983-03-01,1,174,70026553
1895-01-15,18950115,1895-01-15,18950115,1,046,9,1983-03-01,1,175,70026613
1895-04-10,18950410,,0,1,016,9,1983-03-01,1,176,70026717
1895-02-09,18950209,1895-02-09,18950209,1,048,6,1999-11-02,1,177,70026749
,18620000,,18620000,1,046,9,2006-04-22,1,178,70026824
,0,,0,1,042,9,1985-07-22,1,179,70026893
1895-05-01,18950501,1895-05-01,18950501,1,023,9,1983-03-01,1,180,70026912
,18950200,,18950200,1,046,9,1983-03-01,1,181,70027056
,18950200,,18950200,1,046,9,2006-06-24,1,182,70027057
1895-07-15,18950715,1895-07-15,18950715,1,034,9,2006-07-15,1,183,70027112
,18920000,,18920000,1,046,9,1983-03-01,1,184,70027138
,18941200,,18941200,1,006,9,1986-05-13,1,185,70027165
,18780000,,18780000,1,017,9,1983-03-01,1,187,70027269
1880-01-01,18800101,1880-01-01,18800101,1,030,6,1999-11-02,1,188,70027287
,18850000,,18850000,1,006,9,2006-09-02,1,189,70027326
1895-09-28,18950928,1895-09-28,18950928,1,051,9,1983-03-01,1,190,70027327
1895-07-01,18950701,1895-07-01,18950701,1,018,9,1983-03-01,1,191,70027388
,18950200,,18950200,1,046,9,2006-09-09,1,192,70027402
1888-09-01,18880901,1888-09-01,18880901,1,046,9,1983-03-01,1,193,70027448
1892-07-01,18920701,1892-07-01,18920701,1,037,9,2006-11-11,1,194,70027729
,18941200,,18941200,1,046,9,1983-03-01,1,195,70027741
1896-01-04,18960104,1896-01-04,18960104,1,046,9,1983-03-01,1,196,70027775
,18860500,,18860500,1,046,9,1988-12-22,1,197,70027820
,18780000,,18780000,1,001,6,1999-11-02,1,198,70027825
1879-01-01,18790101,1879-01-01,18790101,1,037,9,2006-12-02,1,199,70027849
1896-01-25,18960125,1896-01-25,18960125,1,016,9,1988-12-22,1,200,70027853
,18120000,,18120000,1,046,9,1988-12-28,1,201,70027864
,18890200,,18890200,1,049,9,1988-12-22,1,202,70027959
,18950900,,18950900,1,049,9,1988-12-22,1,203,70028037
,18880200,,18880200,1,023,9,1988-12-22,1,204,70028050
1895-01-01,18950101,1895-01-01,18950101,1,018,9,1988-12-22,1,205,70028065
,18880000,,18880000,1,014,9,1988-12-22,1,206,70028067
1896-02-21,18960221,1896-02-21,18960221,1,039,9,2007-01-13,1,207,70028076
,18990300,,18990300,1,001,9,1992-12-07,1,208,70028090
1896-02-01,18960201,1896-02-01,18960201,1,046,6,1999-11-02,1,209,70028095
1895-02-01,18950201,1895-02-01,18950201,1,046,9,1988-12-22,1,210,70028162
,18900000,,18900000,1,037,9,1988-12-22,1,211,70028260
,18750000,,18750000,1,047,2,2020-03-16,1,212,70028269
,18951200,,18951200,1,051,9,1988-12-22,1,213,70028277
,18921100,,18921100,1,028,9,1988-12-22,1,214,70028469
,0,,0,1,018,6,1985-07-22,1,216,70028605
,18950200,,18950200,1,018,2,2020-01-07,1,217,70028711
1885-05-01,18850501,1885-05-01,18850501,0,018,9,1983-03-01,1,218,70028774
,18720000,,18720000,0,023,9,1988-12-22,1,219,70028858
,18720000,,18720000,1,048,9,2007-06-16,1,220,70028866
1890-09-01,18900901,1890-09-01,18900901,1,015,6,1999-11-02,1,222,70028936
1886-09-28,18860928,1886-09-28,18860928,1,015,6,1999-11-02,1,223,70028937
,18920000,,18920000,1,037,9,2007-08-04,1,224,70029034
,18940900,,18940900,1,017,9,1988-12-22,1,225,70029036
1887-09-28,18870928,1887-09-28,18870928,1,018,9,1988-12-22,1,226,70029094
,18950100,,18950100,1,006,9,2008-11-07,1,227,70029135
1871-01-01,18710101,1871-01-01,18710101,1,049,6,1999-11-02,1,228,70029166
1877-08-19,18770819,1877-08-19,18770819,1,018,6,1999-11-02,1,229,70029261
1880-03-01,18800301,1880-03-01,18800301,1,009,9,1988-12-22,1,230,70029299
,18930900,,18930900,1,052,6,1999-11-02,1,232,70029392
1894-05-01,18940501,1894-05-01,18940501,1,046,9,1988-12-22,1,233,70029409
1878-07-01,18780701,1878-07-01,18780701,1,027,9,1988-12-22,1,234,70029434
1884-06-01,18840601,1884-06-01,18840601,1,037,9,1988-12-22,1,235,70029436
1896-08-06,18960806,1896-08-06,18960806,1,027,9,1988-12-22,1,236,70029473
1896-11-13,18961113,1896-11-13,18961113,1,046,9,1988-12-22,1,237,70029484
,18750000,,18750000,1,023,9,1988-12-22,1,238,70029529
1896-12-30,18961230,1896-12-30,18961230,1,048,9,1988-12-22,1,239,70029568
1868-01-25,18680125,1868-01-25,18680125,1,023,9,1992-08-10,1,240,70029573
,18750000,,18750000,1,035,6,1983-03-01,1,241,70029579
,18961100,,18961100,1,046,9,1988-12-22,1,242,70029632
1896-08-15,18960815,1896-08-15,18960815,1,051,9,1988-12-22,1,243,70029840
,18850100,,18850100,1,046,9,1988-12-22,1,244,70029876
,18961200,,18961200,1,016,9,1988-12-22,1,245,70029910
,18951000,,18951000,1,029,9,1988-12-22,1,246,70029986
1896-12-14,18961214,1896-12-14,18961214,1,018,6,1999-11-02,1,247,70029994
,0,,0,1,039,6,1985-07-22,1,248,70030031
,18860100,,18860100,1,023,9,1988-06-03,1,249,70030070
1870-05-01,18700501,1870-05-01,18700501,1,049,9,2008-03-15,1,250,70030156
1896-05-01,18960501,1896-05-01,18960501,1,023,9,1988-12-22,1,251,70030188
1897-03-16,18970316,1897-03-16,18970316,1,006,9,1988-12-22,1,252,70030214
,18560000,,18560000,1,046,9,2008-04-12,1,253,70030327
,18910000,,18910000,1,044,9,1988-12-22,1,254,70030360
,18860300,,18860300,1,035,9,1988-12-22,1,255,70030394
1897-04-09,18970409,1897-04-09,18970409,1,046,9,1988-12-22,1,256,70030399
,17790000,,17790000,1,030,9,2008-05-16,1,257,70030487
,18470000,,18470000,1,019,6,1999-11-02,1,258,70030580
1894-04-05,18940405,1894-04-05,18940405,1,044,9,1988-12-22,1,259,70030595
,18680000,,18680000,1,037,9,1988-12-22,1,260,70030599
,18881200,,18881200,1,035,9,1988-12-22,1,261,70030606
,18970700,,18970700,1,035,9,2008-07-11,1,262,70030655
,18950700,,18950700,1,023,2,2009-03-23,1,263,70030835
1897-01-02,18970102,1897-01-02,18970102,1,043,9,1988-12-22,1,264,70030868
1897-06-01,18970601,1897-06-01,18970601,1,043,9,1988-12-22,1,265,70030869
1887-02-15,18870215,1887-02-15,18870215,4,013,9,2008-09-05,1,266,70030910
,18870400,,18870400,1,006,9,1988-12-22,1,267,70030916
1893-02-02,18930202,1893-02-02,18930202,1,051,2,2020-03-16,1,268,70030942
1895-04-02,18950402,1895-04-02,18950402,1,018,9,1988-12-22,1,269,70031033
1893-06-01,18930601,1893-06-01,18930601,6,046,6,1999-11-02,1,270,70031048
1892-01-01,18920101,1892-01-01,18920101,1,045,9,1989-01-05,1,271,70031147
1894-08-01,18940801,1894-08-01,18940801,1,045,9,1988-12-22,1,272,70031317
,18740000,,18740000,1,037,9,1988-12-22,1,273,70031433
1875-01-01,18750101,1875-01-01,18750101,1,047,9,1988-12-22,1,274,70031498
,0,,0,1,006,6,1985-07-22,1,275,70031506
1898-02-01,18980201,1898-02-01,18980201,1,039,9,1988-12-22,1,276,70031548
,18890000,,18890000,1,037,9,1988-12-22,1,277,70031572
,18920800,,18920800,1,017,9,1988-12-22,1,278,70031633
1897-10-25,18971025,1897-10-25,18971025,1,018,9,1988-12-22,1,279,70031688
1897-12-01,18971201,1897-12-01,18971201,1,046,6,1999-11-02,1,280,70031689
,18670400,,18670400,1,015,6,1999-11-02,1,281,70031735
1892-12-31,18921231,1892-12-31,18921231,1,046,6,1999-11-02,1,283,70031900
1898-04-01,18980401,1898-04-01,18980401,1,042,9,1988-12-22,1,284,70031907
,18890000,,18890000,1,019,2,2021-10-15,1,285,70032036
1879-06-20,18790620,1879-06-20,18790620,1,035,9,1988-12-22,1,286,70032058
,18770500,,18770500,2,046,9,1988-12-22,1,287,70032109
1898-06-01,18980601,1898-06-01,18980601,1,006,9,1988-12-22,1,288,70032134
1898-01-01,18980101,1898-01-01,18980101,1,018,9,1983-03-01,1,289,70032167
1898-05-01,18980501,1898-05-01,18980501,1,051,9,1988-12-22,1,290,70032188
,18970400,,18970400,1,018,9,1988-12-22,1,291,70032210
1897-06-15,18970615,1897-06-15,18970615,1,046,9,1988-12-22,1,292,70032235
1898-11-01,18981101,1898-11-01,18981101,1,046,9,1988-12-22,1,293,70032258
1898-09-06,18980906,1898-09-06,18980906,1,046,2,2021-10-15,1,294,70032301
,18740000,,18740000,1,018,9,1989-01-06,1,295,70032315
1899-01-02,18990102,1899-01-02,18990102,1,039,9,1988-12-22,1,296,70032490
,18910500,,18910500,1,046,9,1988-12-22,1,297,70032516
,18980600,,18980600,1,009,9,1988-12-22,1,298,70032536
,18920000,,18920000,1,013,9,1988-12-22,1,299,70032595
,18740600,,18740600,1,046,9,2009-10-24,1,300,70032606
1899-02-08,18990208,1899-02-08,18990208,1,018,9,1984-11-03,1,301,70032664
,18890100,,18890100,1,017,9,1988-12-22,1,302,70032739
1890-05-01,18900501,1890-05-01,18900501,1,018,9,1989-01-06,1,303,70032894
,18920500,,18920500,1,015,9,2009-12-19,1,304,70032900
1897-12-10,18971210,1897-12-10,18971210,1,038,9,1988-12-21,1,306,70032964
1892-01-01,18920101,1892-01-01,18920101,1,017,9,1988-12-21,1,307,70032973
,18670700,,18670700,1,045,6,1999-11-02,1,308,70032982
1898-04-01,18980401,1898-04-01,18980401,1,051,9,1992-11-03,1,309,70033093
,18790100,,18790100,1,052,9,1992-11-03,1,311,70033152
1899-01-23,18990123,1899-01-23,18990123,1,051,9,1992-11-03,1,312,70033153
1896-10-01,18961001,1896-10-01,18961001,1,027,9,1992-11-03,1,313,70033231
1899-05-05,18990505,1899-05-05,18990505,1,027,9,1992-11-03,1,314,70033232
1899-05-05,18990505,1899-05-05,18990505,1,027,9,1992-11-03,1,315,70033233
1899-05-05,18990505,1899-05-05,18990505,1,027,9,1992-11-03,1,316,70033235
,18951000,,18951000,1,017,9,1992-11-03,1,318,70033327
1899-08-19,18990819,1899-08-19,18990819,1,015,9,1992-11-03,1,319,70033600
,18870100,,18870100,1,015,6,1999-11-02,1,320,70033707
1877-08-01,18770801,1877-08-01,18770801,1,004,9,1992-11-03,1,322,70033775
1853-01-01,18530101,1853-01-01,18530101,2,028,2,1998-12-28,1,323,70033902
1898-01-01,18980101,1898-01-01,18980101,2,028,9,1992-11-03,1,324,70033903
,18790100,,18790100,1,004,9,1992-11-03,1,325,70033944
,18990300,,18990300,1,026,9,2001-01-07,1,327,70033953
1895-11-01,18951101,1895-11-01,18951101,1,012,9,1992-11-03,1,328,70034161
,18660000,,18660000,1,006,9,1992-11-03,1,329,70034235
,18841000,,18841000,1,046,9,2001-04-28,1,330,70034322
,18700000,,18700000,1,007,9,1992-11-03,1,331,70034328
,18700000,,18700000,2,007,9,1992-11-03,1,332,70034329
,18980100,,18980100,1,048,9,2001-04-28,1,333,70034379
1899-08-12,18990812,1899-08-12,18990812,1,046,9,1983-03-01,1,334,70034385
1900-02-03,19000203,1900-02-03,19000203,6,046,6,1983-03-01,1,335,70034411
,18700000,,18700000,1,046,2,2015-03-06,1,336,70034413
,18951000,,18951000,1,011,9,1992-11-03,1,337,70034518
1899-05-01,18990501,1899-05-01,18990501,1,014,9,1992-11-03,1,338,70034562
,18060000,,18060000,1,017,9,2001-05-12,1,339,70034592
1900-01-25,19000125,1900-01-25,19000125,1,018,9,1992-11-03,1,340,70034631
,18850000,,18850000,1,039,9,1992-11-03,1,341,70034645
1876-01-01,18760101,1876-01-01,18760101,1,046,9,1992-11-03,1,342,70034668
1896-11-09,18961109,1896-11-09,18961109,1,018,9,1992-11-03,1,343,70034738
1897-06-30,18970630,1897-06-30,18970630,1,046,2,2021-10-15,1,344,70034777
1897-12-15,18971215,1897-12-15,18971215,1,036,9,1992-11-03,1,345,70034806
1895-11-01,18951101,1895-11-01,18951101,1,046,9,1992-11-03,1,346,70034870
,18990400,,18990400,1,018,9,1992-11-03,1,347,70034877
1899-11-01,18991101,1899-11-01,18991101,2,046,6,1983-03-01,1,348,70035072
,19000700,,19000700,1,004,9,1983-03-01,1,349,70035086
,18990500,,18990500,5,021,6,1983-03-01,1,350,70035089
1899-01-24,18990124,1899-01-24,18990124,1,046,2,2021-10-15,1,351,70035212
1900-01-01,19000101,1900-01-01,19000101,1,052,9,1992-11-03,1,352,70035228
1892-09-01,18920901,1892-09-01,18920901,2,046,9,1992-11-03,1,353,70035261
1897-08-01,18970801,1897-08-01,18970801,1,030,9,1992-11-03,1,354,70035326
1889-08-01,18890801,1889-08-01,18890801,1,044,9,1992-11-03,1,355,70035328
,18930100,,18930100,1,026,9,2001-12-15,1,356,70035513
,19000400,,19000400,1,046,9,2001-12-15,1,357,70035548
,18520000,,18520000,1,046,9,1992-11-03,1,358,70035568
1898-09-01,18980901,1898-09-01,18980901,1,012,9,1992-11-03,1,361,70035628
1900-03-15,19000315,1900-03-15,19000315,6,046,6,1983-03-01,1,362,70035662
1865-01-01,18650101,1865-01-01,18650101,1,046,9,2002-01-12,1,363,70035691
,18820000,,18820000,1,046,9,1992-11-03,1,364,70036058
1898-08-19,18980819,1898-08-19,18980819,1,046,9,1992-11-03,1,365,70036098
1897-09-01,18970901,1897-09-01,18970901,1,039,9,1992-11-03,1,366,70036151
1899-06-01,18990601,1899-06-01,18990601,1,046,9,1992-11-03,1,367,70036221
1900-12-03,19001203,1900-12-03,19001203,1,039,9,1992-11-03,1,368,70036244
1901-03-01,19010301,1901-03-01,19010301,1,046,9,1992-11-03,1,370,70036521
1886-02-09,18860209,1886-02-09,18860209,2,013,9,2002-07-06,1,371,70036653
1901-03-01,19010301,1901-03-01,19010301,1,006,9,1992-11-03,1,372,70036799
1901-01-01,19010101,1901-01-01,19010101,1,018,9,1992-05-05,1,373,70036846
,19010100,,19010100,1,029,6,1983-03-01,1,374,70036940
,0,,0,0,046,1,1982-07-06,1,375,70036940
1900-08-01,19000801,1900-08-01,19000801,1,046,9,2002-07-20,1,378,70037177
1901-02-15,19010215,1901-02-15,19010215,1,035,9,2002-08-24,1,379,70037332
1892-08-12,18920812,1892-08-12,18920812,1,052,9,1983-03-01,1,381,70037360
1901-08-01,19010801,1901-08-01,19010801,1,016,9,1992-11-03,1,382,70037362
1898-01-03,18980103,1898-01-03,18980103,1,004,2,2015-03-06,1,383,70037449
,18930900,,18930900,2,046,9,1983-03-01,1,384,70037555
1901-06-15,19010615,1901-06-15,19010615,1,046,9,1992-11-03,1,385,70037560
1897-01-12,18970112,1897-01-12,18970112,1,013,9,1992-11-03,1,386,70037630
,18560000,,18560000,1,008,9,1992-11-03,1,387,70037640
1894-10-27,18941027,1894-10-27,18941027,1,046,9,1992-11-23,1,388,70037807
,18990600,,18990600,1,048,9,1992-12-07,1,389,70037901
1902-01-01,19020101,1902-01-01,19020101,1,028,9,1993-02-15,1,390,70037939
1902-01-02,19020102,1902-01-02,19020102,1,016,9,2002-12-14,1,391,70037945
,18990400,,18990400,1,046,9,1992-12-28,1,392,70037976
1896-10-27,18961027,1896-10-27,18961027,1,046,9,1993-01-11,1,393,70038075
1902-03-01,19020301,1902-03-01,19020301,1,012,9,1993-02-01,1,395,70038208
1902-04-05,19020405,1902-04-05,19020405,1,012,9,1993-03-08,1,396,70038412
1901-01-07,19010107,1901-01-07,19010107,2,012,9,1993-03-15,1,397,70038441
1902-03-01,19020301,1902-03-01,19020301,1,039,9,1993-03-22,1,398,70038451
,18740000,,18740000,1,039,9,1993-03-22,1,399,70038452
1902-04-21,19020421,1902-04-21,19020421,1,029,9,1993-04-12,1,401,70038571
1901-08-20,19010820,1901-08-20,19010820,1,023,9,1993-04-19,1,402,70038607
,18701200,,18701200,1,015,2,2015-03-06,1,403,70038631
1899-06-22,18990622,1899-06-22,18990622,1,039,9,1993-05-10,1,404,70038711
,18930600,,18930600,1,049,9,1993-05-17,1,405,70038774
1901-09-01,19010901,1901-09-01,19010901,1,018,9,1993-07-05,1,406,70038957
,18980300,,18980300,1,015,9,1993-07-19,1,407,70039047
1902-08-23,19020823,1902-08-23,19020823,1,023,9,1993-07-26,1,408,70039109
1890-02-17,18900217,1890-02-17,18900217,1,051,9,1993-08-02,1,409,70039132
,18980300,,18980300,1,015,2,2015-03-06,1,410,70039155
1901-06-15,19010615,1901-06-15,19010615,1,046,9,1993-08-23,1,413,70039313
1902-06-01,19020601,1902-06-01,19020601,1,018,9,1993-08-23,1,414,70039326
1902-10-18,19021018,1902-10-18,19021018,1,046,9,1993-09-06,1,415,70039374
,19001200,,19001200,1,019,2,2015-03-06,1,416,70039405
1902-09-01,19020901,1902-09-01,19020901,1,044,9,1993-09-06,1,417,70039409
1902-07-01,19020701,1902-07-01,19020701,1,016,9,1983-03-01,1,418,70039428
,18960000,,18960000,1,049,2,2023-06-23,1,419,70039438
1900-01-31,19000131,1900-01-31,19000131,1,014,9,1993-09-27,1,420,70039543
1902-11-10,19021110,1902-11-10,19021110,1,051,9,2003-11-08,1,421,70039745
,18940000,,18940000,1,014,9,1993-11-15,1,423,70039792
,18901200,,18901200,1,017,9,1993-12-20,1,424,70039933
,18981100,,18981100,1,023,6,1983-03-01,1,425,70040032
1878-04-16,18780416,1878-04-16,18780416,1,018,9,1994-01-10,1,426,70040050
1903-01-10,19030110,1903-01-10,19030110,1,037,2,2015-03-06,1,427,70040090
,19020600,,19020600,1,018,9,1994-02-07,1,428,70040254
1901-08-01,19010801,1901-08-01,19010801,1,045,9,1994-04-15,1,430,70040619
,18970500,,18970500,1,037,9,1994-04-04,1,431,70040667
1865-01-01,18650101,1865-01-01,18650101,1,046,9,1994-04-04,1,432,70040692
1894-05-01,18940501,1894-05-01,18940501,1,046,2,1989-04-27,1,433,70040705
1901-11-20,19011120,1901-11-20,19011120,1,028,6,1983-03-01,1,434,70040724
1899-07-15,18990715,1899-07-15,18990715,1,006,9,1994-04-25,1,435,70040795
1896-01-17,18960117,1896-01-17,18960117,1,049,9,1994-05-16,1,436,70040916
,19001200,,19001200,1,023,6,1983-03-01,1,439,70041127
,18940100,,18940100,1,037,9,1994-06-27,1,440,70041130
1903-01-19,19030119,1903-01-19,19030119,1,014,9,1994-07-11,1,441,70041265
1903-05-29,19030529,1903-05-29,19030529,1,048,9,1983-03-01,1,442,70041303
1895-02-08,18950208,1895-02-08,18950208,1,035,9,1994-08-08,1,444,70041422
1900-09-26,19000926,1900-09-26,19000926,1,018,9,1994-08-22,1,445,70041487
,19020700,,19020700,1,037,9,1994-08-29,1,447,70041511
,19020100,,19020100,1,051,9,1994-09-12,1,448,70041631
,19020700,,19020700,1,026,9,1994-09-26,1,449,70041689
1899-12-31,18991231,1899-12-31,18991231,1,046,9,1994-09-26,1,450,70041720
1901-10-21,19011021,1901-10-21,19011021,1,037,9,1994-10-03,1,451,70041751
1901-07-01,19010701,1901-07-01,19010701,1,046,6,1983-03-01,1,452,70041762
1900-03-01,19000301,1900-03-01,19000301,1,046,9,1994-10-17,1,453,70041868
1903-12-01,19031201,1903-12-01,19031201,1,018,9,1994-10-24,1,454,70041916
1899-04-15,18990415,1899-04-15,18990415,1,025,9,1994-10-31,1,455,70041961
1893-09-23,18930923,1893-09-23,18930923,1,046,9,1994-11-07,1,456,70041974
1903-12-04,19031204,1903-12-04,19031204,1,018,9,1994-11-28,1,457,70042124
1819-01-01,18190101,1819-01-01,18190101,1,046,9,1994-12-05,1,458,70042179
1901-01-01,19010101,1901-01-01,19010101,1,039,9,1994-12-12,1,459,70042198
1901-02-01,19010201,1901-02-01,19010201,1,039,9,1994-12-12,1,460,70042200
1893-01-01,18930101,1893-01-01,18930101,1,039,6,1983-03-01,1,461,70042201
,18970600,,18970600,1,023,9,1994-12-12,1,462,70042226
1904-03-01,19040301,1904-03-01,19040301,1,051,9,1995-01-16,1,464,70042374
1904-03-01,19040301,1904-03-01,19040301,1,052,9,1995-01-16,1,465,70042375
1903-11-12,19031112,1903-11-12,19031112,1,039,9,1995-01-30,1,466,70042467
,18890800,,18890800,1,019,6,1983-03-01,1,467,70042650
,18750100,,18750100,1,049,6,1983-03-01,1,468,70042663
1903-05-01,19030501,1903-05-01,19030501,1,020,9,1995-02-27,1,469,70042694
1865-08-13,18650813,1865-08-13,18650813,1,039,9,1995-03-20,1,470,70042796
,19000500,,19000500,1,046,9,1995-04-03,1,471,70042883
1902-12-31,19021231,1902-12-31,19021231,1,013,9,1995-04-03,1,472,70042909
,19040300,,19040300,1,051,9,1995-04-03,1,473,70042921
1873-08-13,18730813,1873-08-13,18730813,1,017,9,2005-05-21,1,476,70043162
1902-07-25,19020725,1902-07-25,19020725,1,036,9,2005-06-04,1,477,70043259
1889-02-07,18890207,1889-02-07,18890207,1,017,6,1983-03-01,1,479,70043313
1893-06-24,18930624,1893-06-24,18930624,1,017,9,1995-06-12,1,480,70043317
1903-11-15,19031115,1903-11-15,19031115,1,042,9,1995-06-26,1,481,70043371
1904-05-01,19040501,1904-05-01,19040501,1,046,9,1983-03-01,1,482,70043374
1860-01-01,18600101,1860-01-01,18600101,1,027,9,1983-03-01,1,483,70043460
,18840100,,18840100,1,018,6,1983-03-01,1,484,70043559
1892-06-18,18920618,1892-06-18,18920618,1,006,9,1995-07-24,1,485,70043567
1904-10-13,19041013,1904-10-13,19041013,1,026,9,1995-08-28,1,486,70043745
1904-09-15,19040915,1904-09-15,19040915,1,026,9,1995-08-28,1,487,70043746
,19040600,,19040600,1,051,9,1995-09-04,1,488,70043779
1903-04-27,19030427,1903-04-27,19030427,1,046,9,1995-10-09,1,489,70043969
,19030800,,19030800,2,035,9,1995-10-16,1,490,70043988
1904-08-01,19040801,1904-08-01,19040801,1,046,9,1995-11-06,1,491,70044082
1904-08-01,19040801,1904-08-01,19040801,1,046,9,1995-11-06,1,492,70044083
,19040800,,19040800,1,011,1,1986-06-16,1,493,70044233
,19040500,,19040500,1,004,9,1995-12-11,1,494,70044294
,18940700,,18940700,1,043,9,1983-03-01,1,495,70046172
1890-08-01,18900801,1890-08-01,18900801,1,046,9,2007-04-14,1,496,70048318
1896-07-01,18960701,1896-07-01,18960701,1,046,9,2007-12-01,1,497,70052592
1887-06-05,18870605,1887-06-05,18870605,1,052,9,1988-12-22,1,498,70053550
1901-06-28,19010628,1901-06-28,19010628,1,046,2,2022-05-27,1,499,70053811
1880-02-07,18800207,1880-02-07,18800207,1,039,6,1999-11-02,1,500,70054198
1897-08-01,18970801,1897-08-01,18970801,1,028,2,2008-07-25,1,501,70054214
1897-12-15,18971215,1897-12-15,18971215,1,021,9,1992-11-03,1,502,70058571
1897-03-01,18970301,1897-03-01,18970301,1,023,9,1992-11-03,1,503,70060257
,18060000,,18060000,1,017,9,2001-04-28,1,504,70060813
,18060000,,18060000,1,046,9,2001-04-28,1,505,70060813
1900-04-05,19000405,1900-04-05,19000405,1,015,9,1992-11-03,1,506,70061526
1898-09-01,18980901,1898-09-01,18980901,1,046,9,1992-11-03,1,507,70061764
1900-12-01,19001201,1900-12-01,19001201,1,018,9,1992-11-03,1,508,70062399
1900-12-18,19001218,1900-12-18,19001218,1,018,9,1992-11-03,1,509,70062464
,18560000,,18560000,1,008,9,1992-11-03,1,510,70062556
1879-04-01,18790401,1879-04-01,18790401,1,018,9,1992-11-03,1,511,70062590
,18790000,,18790000,1,009,9,2002-05-25,1,512,70063150
1900-08-15,19000815,1900-08-15,19000815,1,015,9,1992-11-03,1,513,70064112
1903-04-02,19030402,1903-04-02,19030402,1,046,2,2009-03-24,1,514,70068242
,19020000,,19020000,1,040,9,1995-10-09,1,515,70071509
,18840100,,18840100,1,006,9,1995-11-27,1,516,70072244
1902-12-29,19021229,1902-12-29,19021229,1,038,9,1996-05-22,1,517,70072521
,0,,0,1,006,9,1985-07-22,1,518,70087299
,0,,0,1,046,9,1985-07-22,1,520,70185152
,0,,0,1,044,9,1983-03-01,1,522,70199257
1947-03-05,19470305,1947-03-05,19470305,0,050,9,1984-10-27,1,523,70438036
1870-05-01,18700501,1870-05-01,18700501,1,049,9,2006-04-15,1,524,71000030
1880-01-01,18800101,1880-01-01,18800101,1,049,3,2005-01-27,1,525,71000031
1891-05-01,18910501,1891-05-01,18910501,1,018,9,1983-03-01,1,526,71000071
1892-05-01,18920501,1892-05-01,18920501,1,018,2,2010-01-13,1,527,71000072
,18740000,,18740000,1,049,2,2017-09-15,1,528,71000117
1889-01-15,18890115,1889-01-15,18890115,1,018,9,1986-02-24,1,529,71000148
,18700000,,18700000,1,046,9,1983-03-01,1,530,71000159
1881-04-05,18810405,1881-04-05,18810405,1,023,9,1983-03-01,1,531,71000193
,18930900,,18930900,1,004,6,1999-11-02,1,533,71000224
,18670000,,18670000,1,046,2,2010-01-13,1,534,71000226
,19001000,,19001000,1,046,2,2010-01-13,1,535,71000227
1904-12-20,19041220,1904-12-20,19041220,1,046,9,1983-03-01,1,536,71000228
1886-07-01,18860701,1886-07-01,18860701,1,046,9,1983-03-01,1,537,71000229
,18950200,,18950200,1,046,9,1983-03-01,1,538,71000230
,18950200,,18950200,1,046,9,1983-03-01,1,539,71000231
1885-11-13,18851113,1885-11-13,18851113,1,023,9,2006-11-04,1,541,71000237
1893-09-15,18930915,1893-09-15,18930915,1,023,9,1983-03-01,1,542,71000239
1894-10-16,18941016,1894-10-16,18941016,1,046,9,1983-03-01,1,544,71000299
1894-10-16,18941016,1894-10-16,18941016,1,001,9,1983-03-01,1,545,71000302
1894-11-12,18941112,1894-11-12,18941112,1,001,9,1983-03-01,1,546,71000303
1902-08-10,19020810,1902-08-10,19020810,1,001,9,1983-03-01,1,547,71000304
1891-04-01,18910401,1891-04-01,18910401,1,006,9,1983-03-01,1,548,71000322
1887-04-01,18870401,1887-04-01,18870401,1,005,9,2006-04-29,1,549,71000356
1874-07-17,18740717,1874-07-17,18740717,1,018,9,1983-03-01,1,551,71000361
1878-08-01,18780801,1878-08-01,18780801,1,018,9,1983-03-01,1,552,71000362
,18740000,,18740000,5,006,6,1999-11-02,1,553,71000365
1870-09-01,18700901,1870-09-01,18700901,1,014,9,1983-03-01,1,555,71000377
1896-12-15,18961215,1896-12-15,18961215,1,036,2,2020-03-16,1,556,71000394
,18941000,,18941000,1,034,9,1983-03-01,1,557,71000407
1903-06-04,19030604,1903-06-04,19030604,1,017,9,1983-03-01,1,558,71000422
,18750600,,18750600,1,049,9,2006-04-08,1,559,71000430
,18780400,,18780400,1,039,9,2006-04-15,1,560,71000433
,18950100,,18950100,1,039,9,1983-03-01,1,561,71000434
1893-10-01,18931001,1893-10-01,18931001,1,006,9,1983-03-01,1,562,71000451
,18940000,,18940000,1,027,6,1999-11-02,1,564,71000470
,18540000,,18540000,1,006,9,1983-03-01,1,565,71000481
,19000000,,19000000,1,006,9,1983-03-01,1,567,71000492
1898-04-20,18980420,1898-04-20,18980420,1,046,9,1983-03-01,1,568,71000507
1900-12-01,19001201,1900-12-01,19001201,1,046,9,1983-03-01,1,569,71000512
,18910200,,18910200,1,006,9,1983-03-01,1,570,71000520
,18910000,,18910000,1,046,9,1983-03-01,1,571,71000564
1898-06-01,18980601,1898-06-01,18980601,1,018,9,2006-05-27,1,572,71000587
1903-12-01,19031201,1903-12-01,19031201,1,006,9,2006-05-13,1,573,71000604
,18940000,,18940000,1,035,9,1983-03-01,1,574,71000610
1898-01-01,18980101,1898-01-01,18980101,1,029,9,1983-03-01,1,575,71000622
1900-12-12,19001212,1900-12-12,19001212,1,029,9,1983-03-01,1,576,71000623
,18940100,,18940100,1,029,9,1983-03-01,1,577,71000624
,18700000,,18700000,1,018,9,2000-12-15,1,578,71000626
1893-10-01,18931001,1893-10-01,18931001,1,046,9,1988-12-28,1,579,71000654
1891-07-15,18910715,1891-07-15,18910715,1,018,9,1983-03-01,1,580,71000657
,18700000,,18700000,1,018,9,2006-04-29,1,581,71000665
,18890000,,18890000,1,018,9,2006-05-13,1,582,71000666
,19040300,,19040300,1,036,9,1986-01-21,1,583,71000669
,18380000,,18380000,1,036,2,2020-03-16,1,584,71000670
1902-10-15,19021015,1902-10-15,19021015,1,036,9,1983-03-01,1,585,71000671
,18860000,,18860000,1,037,9,1983-03-01,1,587,71000697
,18670000,,18670000,1,036,9,1986-01-21,1,588,71000698
1903-02-12,19030212,1903-02-12,19030212,1,029,9,1983-03-01,1,589,71000701
1892-02-11,18920211,1892-02-11,18920211,1,046,6,1999-11-02,1,590,71000706
1878-02-02,18780202,1878-02-02,18780202,1,018,2,2020-03-16,1,591,71000712
,18881000,,18881000,1,021,6,1999-11-02,1,592,71000714
1905-04-01,19050401,1905-04-01,19050401,1,046,3,2006-04-18,1,593,71000727
,18620000,,18620000,1,036,2,2020-03-16,1,594,71000729
,18940000,,18940000,1,036,9,1986-01-21,1,595,71000748
,18970900,,18970900,1,016,9,1983-03-01,1,596,71000760
1889-07-01,18890701,1889-07-01,18890701,1,046,9,2006-06-16,1,597,71000810
,18650100,,18650100,1,034,6,1999-11-02,1,598,71000828
,18650100,,18650100,1,034,6,1999-11-02,1,599,71000829
1903-11-01,19031101,1903-11-01,19031101,1,013,6,1999-11-02,1,600,71000860
1892-12-06,18921206,1892-12-06,18921206,1,039,9,1988-12-28,1,601,71000861
,18800000,,18800000,3,012,9,2006-05-20,1,602,71000884
,18800000,,18800000,2,012,9,2006-05-20,1,603,71000885
,18870000,,18870000,1,013,9,1983-03-01,1,604,71000894
,18720000,,18720000,1,013,6,1999-11-02,1,605,71000895
,18951200,,18951200,1,035,9,1983-03-01,1,607,71000938
1895-01-01,18950101,1895-01-01,18950101,0,004,1,1983-03-01,1,608,71000953
,0,,0,1,052,1,1982-08-10,1,609,71000953
1877-01-01,18770101,1877-01-01,18770101,1,039,9,1983-03-01,1,610,71000967
1904-03-17,19040317,1904-03-17,19040317,1,037,9,1983-03-01,1,611,71001000
1887-01-01,18870101,1887-01-01,18870101,1,049,9,2007-02-24,1,613,71001077
1876-11-15,18761115,1876-11-15,18761115,1,046,9,1988-12-27,1,614,71001101
1876-11-15,18761115,1876-11-15,18761115,1,046,9,1988-12-27,1,615,71001102
1896-06-25,18960625,1896-06-25,18960625,1,046,9,1988-12-27,1,616,71001103
1868-04-11,18680411,1868-04-11,18680411,1,027,9,2006-08-12,1,617,71001114
,18740200,,18740200,1,027,9,1988-12-28,1,618,71001115
1895-12-01,18951201,1895-12-01,18951201,1,042,9,1983-03-01,1,619,71001123
,18670000,,18670000,1,042,9,1983-03-01,1,620,71001125
,18781200,,18781200,1,051,9,1983-03-01,1,621,71001133
,18930900,,18930900,2,046,9,1983-03-01,1,622,71001156
1895-05-01,18950501,1895-05-01,18950501,1,036,9,1983-03-01,1,623,71001165
1890-09-01,18900901,1890-09-01,18900901,1,012,9,2007-01-06,1,624,71001166
,18940000,,18940000,1,046,9,1983-03-01,1,625,71001187
,18991000,,18991000,1,046,9,1983-03-01,1,626,71001204
,18901100,,18901100,1,046,2,2008-12-17,1,627,71001206
,18920800,,18920800,1,018,9,2006-06-24,1,628,71001232
1896-01-30,18960130,1896-01-30,18960130,1,036,6,1999-11-02,1,630,71001234
,18730000,,18730000,1,036,2,2020-03-16,1,631,71001236
,18960000,,18960000,1,036,6,1999-11-02,1,632,71001238
,19020000,,19020000,1,036,6,1999-11-02,1,633,71001240
,18780000,,18780000,2,051,6,1999-11-02,1,634,71001241
,18951100,,18951100,1,052,9,1983-03-01,1,636,71001249
1884-08-06,18840806,1884-08-06,18840806,1,051,9,2006-06-03,1,637,71001252
,18210000,,18210000,1,038,9,1983-03-01,1,639,71001266
,18831200,,18831200,1,038,3,2023-03-02,1,640,71001268
1890-11-28,18901128,1890-11-28,18901128,1,006,9,1988-12-27,1,642,71001279
1901-02-20,19010220,1901-02-20,19010220,1,016,9,1988-12-27,1,643,71001300
1905-01-16,19050116,1905-01-16,19050116,1,046,9,1988-12-21,1,644,71001324
,18750000,,18750000,1,046,2,2009-03-27,1,645,71001326
,18700000,,18700000,1,043,9,1983-03-01,1,646,71001331
,18800000,,18800000,1,014,9,2006-05-13,1,647,71001332
1900-10-02,19001002,1900-10-02,19001002,1,019,9,1988-12-21,1,648,71001338
,18950000,,18950000,1,013,9,2006-08-05,1,649,71001370
,18740800,,18740800,1,009,9,1983-03-01,1,650,71001388
,18600000,,18600000,1,042,9,1983-03-01,1,651,71001430
,18740000,,18740000,1,034,2,2010-01-13,1,652,71001438
,18390000,,18390000,1,018,2,2017-07-11,1,653,71001448
1866-01-01,18660101,1866-01-01,18660101,1,039,6,1999-11-02,1,654,71001457
,18730700,,18730700,1,015,6,1999-11-02,1,655,71001477
,18730700,,18730700,1,015,2,2017-06-21,1,656,71001478
,18761100,,18761100,1,018,9,1983-03-01,1,657,71001557
,18880700,,18880700,1,022,9,1988-12-28,1,658,71001561
,18810100,,18810100,1,022,9,2007-09-22,1,659,71001565
,18810100,,18810100,1,022,6,1999-11-02,1,660,71001568
,18880000,,18880000,1,022,6,1999-11-02,1,661,71001582
,18900000,,18900000,1,022,6,1999-11-02,1,662,71001590
1893-01-23,18930123,1893-01-23,18930123,1,022,9,2007-01-27,1,663,71001599
,18950800,,18950800,1,022,9,2006-11-25,1,664,71001606
,18880000,,18880000,1,022,9,2006-10-21,1,665,71001612
1903-02-09,19030209,1903-02-09,19030209,1,001,9,1983-03-01,1,666,71001628
1899-10-20,18991020,1899-10-20,18991020,1,001,9,1983-03-01,1,667,71001635
1899-10-20,18991020,1899-10-20,18991020,1,001,9,1983-03-01,1,668,71001643
,18890600,,18890600,1,005,9,1983-03-01,1,669,71001646
,19020400,,19020400,1,046,9,1983-03-01,1,670,71001647
,18850000,,18850000,1,039,9,1992-11-03,1,671,71001667
,18860000,,18860000,1,039,9,1992-11-03,1,672,71001668
,18860100,,18860100,1,027,9,1983-03-01,1,673,71001681
,18880000,,18880000,1,018,9,1983-03-01,1,674,71001722
1896-02-15,18960215,1896-02-15,18960215,1,045,6,1999-11-02,1,675,71001732
,18900000,,18900000,1,028,9,1988-12-27,1,676,71001755
1889-11-01,18891101,1889-11-01,18891101,1,018,9,1983-03-01,1,677,71001769
1894-05-01,18940501,1894-05-01,18940501,1,046,9,1983-03-01,1,678,71001772
1903-01-01,19030101,1903-01-01,19030101,1,012,9,1988-12-20,1,679,71001785
1884-10-01,18841001,1884-10-01,18841001,1,016,9,1988-12-22,1,680,71001786
,18940700,,18940700,1,022,9,2007-01-27,1,681,71001798
,18850700,,18850700,1,022,6,1999-11-02,1,682,71001803
1880-06-01,18800601,1880-06-01,18800601,1,023,6,1999-11-02,1,683,71001875
,18740000,,18740000,1,006,9,1983-03-01,1,684,71001900
1891-05-19,18910519,1891-05-19,18910519,1,046,2,2010-01-13,1,685,71001928
,18801100,,18801100,1,049,9,2006-10-14,1,686,71001933
1896-10-01,18961001,1896-10-01,18961001,1,013,2,2020-03-16,1,687,71001966
1895-03-27,18950327,1895-03-27,18950327,1,018,9,1983-03-01,1,688,71001980
1894-11-01,18941101,1894-11-01,18941101,1,023,9,1988-12-28,1,689,71002006
1872-11-12,18721112,1872-11-12,18721112,0,039,1,1983-08-09,1,690,71002013
,18950000,,18950000,1,010,9,2006-05-13,1,691,71002016
1903-03-01,19030301,1903-03-01,19030301,1,036,9,1988-12-28,1,692,71002018
1893-11-01,18931101,1893-11-01,18931101,1,023,2,2020-03-16,1,693,71002022
,18941200,,18941200,1,006,6,1999-11-02,1,694,71002041
,18830200,,18830200,1,010,9,2006-05-27,1,695,71002046
1891-10-01,18911001,1891-10-01,18911001,1,047,9,1983-03-01,1,696,71002049
1889-08-15,18890815,1889-08-15,18890815,1,046,9,2006-04-22,1,697,71002057
,18940000,,18940000,1,022,2,2009-07-07,1,699,71002138
,18781000,,18781000,1,043,2,2015-07-30,1,700,71002145
1902-05-12,19020512,1902-05-12,19020512,1,014,9,1988-12-20,1,701,71002147
,18940000,,18940000,1,037,9,1983-03-01,1,702,71002169
,18860000,,18860000,1,044,9,1983-03-01,1,703,71002173
,18951000,,18951000,1,017,9,1983-03-01,1,704,71002193
,18810000,,18810000,1,018,9,1983-03-01,1,705,71002213
,18720000,,18720000,1,023,9,1983-03-01,1,706,71002226
1893-10-16,18931016,1893-10-16,18931016,1,045,9,1983-03-01,1,707,71002286
,18900000,,18900000,1,039,9,1983-03-01,1,708,71002301
,18770900,,18770900,6,046,6,1999-11-02,1,709,71002308
,18770900,,18770900,1,046,6,1999-11-02,1,710,71002309
,18770900,,18770900,1,046,6,1999-11-02,1,711,71002310
,19041100,,19041100,1,006,6,1999-11-02,1,712,71002354
1901-05-15,19010515,1901-05-15,19010515,1,046,9,1983-03-01,1,713,71002358
1901-05-15,19010515,1901-05-15,19010515,1,046,9,1983-03-01,1,714,71002359
,18870100,,18870100,1,047,9,1983-03-01,1,716,71002396
,18870100,,18870100,1,047,2,2020-03-16,1,717,71002397
,18700000,,18700000,1,047,9,1983-03-01,1,718,71002398
,18960000,,18960000,1,035,9,1988-12-27,1,719,71002408
1892-10-27,18921027,1892-10-27,18921027,1,049,9,1983-03-01,1,720,71002438
1898-01-01,18980101,1898-01-01,18980101,1,016,9,1983-03-01,1,721,71002488
,18810900,,18810900,1,046,6,1999-11-02,1,723,71002505
1890-01-02,18900102,1890-01-02,18900102,1,023,9,2006-05-13,1,724,71002511
1904-04-01,19040401,1904-04-01,19040401,1,039,6,1999-11-02,1,725,71002526
1887-08-09,18870809,1887-08-09,18870809,1,026,9,1983-03-01,1,726,71002535
1876-01-01,18760101,1876-01-01,18760101,1,017,9,1983-03-01,1,727,71002564
,19040300,,19040300,1,039,2,2006-07-01,1,728,71002583
,19041100,,19041100,1,039,9,1983-03-01,1,729,71002584
,18700000,,18700000,1,023,2,2009-03-27,1,730,71002676
1903-09-15,19030915,1903-09-15,19030915,1,046,9,1983-03-01,1,731,71002707
1887-06-28,18870628,1887-06-28,18870628,1,045,9,2006-08-05,1,732,71002730
1895-01-01,18950101,1895-01-01,18950101,1,052,9,1992-11-03,1,733,71002747
1881-05-01,18810501,1881-05-01,18810501,1,018,6,1999-11-02,1,734,71002748
1884-01-01,18840101,1884-01-01,18840101,1,039,9,2006-06-16,1,735,71002750
1889-06-01,18890601,1889-06-01,18890601,1,046,9,1983-03-01,1,736,71002753
1889-06-01,18890601,1889-06-01,18890601,1,046,9,1983-03-01,1,737,71002754
1894-07-01,18940701,1894-07-01,18940701,1,006,9,2006-07-29,1,738,71002768
1898-01-01,18980101,1898-01-01,18980101,1,046,6,1999-11-02,1,739,71002779
1891-06-15,18910615,1891-06-15,18910615,5,006,6,1999-11-02,1,740,71002783
,18830900,,18830900,1,028,3,2005-05-12,1,741,71002795
,18500000,,18500000,1,032,9,2006-05-13,1,742,71002803
,18850000,,18850000,2,032,9,2006-06-16,1,743,71002804
1893-08-01,18930801,1893-08-01,18930801,1,012,2,2009-03-27,1,744,71002824
,19000000,,19000000,1,037,2,2020-03-16,1,745,71002845
1891-12-18,18911218,1891-12-18,18911218,1,046,9,2007-07-21,1,747,71002870
1886-03-01,18860301,1886-03-01,18860301,1,006,9,1983-03-01,1,748,71002879
1895-02-09,18950209,1895-02-09,18950209,1,048,6,1999-11-02,1,750,71002882
1893-03-13,18930313,1893-03-13,18930313,1,018,9,2006-06-16,1,751,71002889
1880-03-19,18800319,1880-03-19,18800319,1,046,9,1983-03-01,1,752,71002964
1873-01-01,18730101,1873-01-01,18730101,1,046,6,1999-11-02,1,753,71002968
1874-01-01,18740101,1874-01-01,18740101,1,046,9,1983-03-01,1,754,71002969
1873-01-01,18730101,1873-01-01,18730101,1,046,6,1999-11-02,1,755,71002971
1874-01-01,18740101,1874-01-01,18740101,1,046,2,2020-03-16,1,756,71002975
,18710000,,18710000,1,046,6,1999-11-02,1,757,71002979
,18990000,,18990000,1,018,9,1983-03-01,1,758,71002987
,19040900,,19040900,1,046,9,1983-03-01,1,759,71003057
,18890700,,18890700,1,046,9,2007-01-13,1,760,71003058
1902-01-02,19020102,1902-01-02,19020102,1,016,9,2007-02-03,1,761,71003062
,18740000,,18740000,1,039,9,1983-03-01,1,762,71003077
1903-12-01,19031201,1903-12-01,19031201,1,039,9,2006-06-03,1,763,71003079
,18890000,,18890000,1,039,9,1983-03-01,1,764,71003080
1892-12-01,18921201,1892-12-01,18921201,1,023,6,1999-11-02,1,765,71003081
1904-03-01,19040301,1904-03-01,19040301,1,023,9,1992-11-03,1,766,71003082
,18900000,,18900000,1,038,6,1999-11-02,1,767,71003096
,18900000,,18900000,1,038,6,1999-11-02,1,768,71003097
1896-09-08,18960908,1896-09-08,18960908,1,006,2,2016-06-06,1,769,71003138
1889-09-26,18890926,1889-09-26,18890926,1,006,9,1983-03-01,1,770,71003169
1899-07-15,18990715,1899-07-15,18990715,1,006,9,1983-03-01,1,771,71003189
1898-01-15,18980115,1898-01-15,18980115,1,036,9,2006-06-03,1,772,71003202
,18920000,,18920000,1,014,9,1986-07-14,1,773,71003220
,18870100,,18870100,1,014,9,1986-07-14,1,774,71003221
,18910900,,18910900,1,004,6,1999-11-02,1,775,71003228
1900-03-22,19000322,1900-03-22,19000322,1,012,9,1983-03-01,1,776,71003235
,18881200,,18881200,1,012,9,1983-03-01,1,777,71003236
1873-02-01,18730201,1873-02-01,18730201,1,036,1,2016-11-08,1,778,71003237
,18761100,,18761100,1,012,2,2018-12-01,1,779,71003246
1899-04-15,18990415,1899-04-15,18990415,1,018,9,1983-03-01,1,780,71003249
1858-07-01,18580701,1858-07-01,18580701,1,009,6,1999-11-02,1,781,71003260
,18790000,,18790000,1,009,6,1999-11-02,1,782,71003264
1894-09-14,18940914,1894-09-14,18940914,1,015,6,1999-11-02,1,783,71003309
,18600000,,18600000,1,037,9,1983-03-01,1,784,71003324
,18800000,,18800000,1,037,9,1983-03-01,1,785,71003325
,18690000,,18690000,1,037,9,1983-03-01,1,786,71003326
,18700000,,18700000,1,037,9,1983-03-01,1,787,71003327
,18610000,,18610000,1,037,9,1983-03-01,1,788,71003328
,18700000,,18700000,1,037,9,2006-05-06,1,789,71003332
,18700000,,18700000,1,037,9,1983-03-01,1,790,71003336
1904-06-01,19040601,1904-06-01,19040601,1,042,9,1983-03-01,1,792,71003366
,18930700,,18930700,1,006,9,1988-12-22,1,798,71003427
1897-02-06,18970206,1897-02-06,18970206,1,042,9,1988-12-27,1,799,71003443
1888-09-01,18880901,1888-09-01,18880901,1,026,9,1983-03-01,1,801,71003516
1884-09-04,18840904,1884-09-04,18840904,1,001,9,1983-03-01,1,802,71003610
,18670000,,18670000,1,038,9,1983-03-01,1,803,71003621
,18900000,,18900000,1,037,9,1983-03-01,1,804,71003647
,18940000,,18940000,1,037,9,1983-03-01,1,805,71003648
,18890700,,18890700,1,046,9,1983-03-01,1,806,71003649
,18890700,,18890700,1,046,9,1986-07-15,1,807,71003651
,18910100,,18910100,1,040,9,1988-12-21,1,808,71003661
1896-01-05,18960105,1896-01-05,18960105,1,040,9,1988-12-22,1,809,71003663
,18800000,,18800000,1,038,6,1999-11-02,1,810,71003667
1898-05-01,18980501,1898-05-01,18980501,1,037,9,1988-12-28,1,811,71003670
,18780000,,18780000,1,018,9,1988-12-21,1,812,71003685
,18870000,,18870000,1,045,9,1983-03-01,1,813,71003719
1905-04-25,19050425,1905-04-25,19050425,1,018,6,1999-11-02,1,814,71003725
1905-04-25,19050425,1905-04-25,19050425,1,052,9,1983-03-01,1,815,71003726
1892-12-06,18921206,1892-12-06,18921206,1,018,9,1983-03-01,1,816,71003756
1891-02-15,18910215,1891-02-15,18910215,1,034,9,2006-05-13,1,817,71003791
,18900000,,18900000,1,049,9,1988-12-27,1,818,71003799
1888-10-22,18881022,1888-10-22,18881022,1,046,9,2008-05-23,1,820,71003824
,18930600,,18930600,1,042,9,1983-03-01,1,821,71003866
,18810000,,18810000,1,034,9,2006-08-05,1,822,71003883
1883-07-01,18830701,1883-07-01,18830701,1,028,9,2006-08-12,1,823,71003907
,19010000,,19010000,1,023,9,2007-07-14,1,824,71003924
,18860800,,18860800,1,016,9,1983-03-01,1,825,71003935
1901-01-15,19010115,1901-01-15,19010115,1,032,9,2006-09-16,1,826,71003939
,18850000,,18850000,1,022,9,2007-03-03,1,827,71003951
,18650000,,18650000,1,022,6,1999-11-02,1,828,71003953
,18940000,,18940000,1,022,9,2007-02-17,1,829,71003962
,18910600,,18910600,1,046,9,2006-07-01,1,831,71004006
,18530000,,18530000,1,036,6,1999-11-02,1,832,71004019
1878-06-15,18780615,1878-06-15,18780615,1,036,6,1999-11-02,1,833,71004020
1895-12-03,18951203,1895-12-03,18951203,1,046,1,2010-05-25,1,834,71004100
1898-06-14,18980614,1898-06-14,18980614,1,046,6,1999-11-02,1,835,71004101
,18920500,,18920500,1,004,9,1983-03-01,1,836,71004105
,19040000,,19040000,1,016,9,1983-03-01,1,837,71004135
,18920400,,18920400,1,034,9,1988-12-27,1,838,71004160
,18800000,,18800000,1,036,9,2006-10-03,1,839,71004219
1905-03-01,19050301,1905-03-01,19050301,1,039,9,2006-11-25,1,840,71004266
1878-07-16,18780716,1878-07-16,18780716,1,046,9,1983-03-01,1,841,71004281
,18940000,,18940000,1,022,6,1999-11-02,1,844,71004314
,18630000,,18630000,1,051,6,1999-11-02,1,845,71004375
,18680800,,18680800,1,042,9,1983-03-01,1,846,71004441
1854-09-18,18540918,1854-09-18,18540918,1,001,9,1986-07-14,1,847,71004442
1901-02-15,19010215,1901-02-15,19010215,1,035,9,2006-09-30,1,848,71004488
1903-09-01,19030901,1903-09-01,19030901,1,035,9,1983-03-01,1,849,71004499
,18990300,,18990300,1,035,9,1983-03-01,1,850,71004500
1868-07-28,18680728,1868-07-28,18680728,1,015,2,2020-03-16,1,851,71004550
,19030000,,19030000,1,023,9,2006-08-05,1,852,71004558
,18600800,,18600800,1,049,9,1986-05-13,1,853,71004610
1892-05-24,18920524,1892-05-24,18920524,1,039,9,1988-12-22,1,854,71004621
1898-02-01,18980201,1898-02-01,18980201,1,039,9,1983-03-01,1,855,71004622
,19000000,,19000000,1,039,6,1999-11-02,1,856,71004652
,19000700,,19000700,1,035,6,1999-11-02,1,857,71004653
1902-01-01,19020101,1902-01-01,19020101,1,039,9,1983-03-01,1,858,71004677
,18990100,,18990100,1,045,9,1988-12-28,1,859,71004685
,18950000,,18950000,1,026,9,1983-03-01,1,860,71004690
1886-06-26,18860626,1886-06-26,18860626,1,040,9,1992-11-03,1,861,71004724
,18810100,,18810100,1,034,9,2006-06-03,1,862,71004734
1903-12-08,19031208,1903-12-08,19031208,1,046,9,1983-03-01,1,863,71004756
1903-12-18,19031218,1903-12-18,19031218,1,046,9,1986-07-15,1,864,71004757
1898-06-01,18980601,1898-06-01,18980601,1,046,9,1983-03-01,1,865,71004759
,19031100,,19031100,1,046,9,1986-07-14,1,866,71004852
1896-10-05,18961005,1896-10-05,18961005,1,018,9,1988-12-21,1,867,71004891
1896-10-20,18961020,1896-10-20,18961020,1,018,9,1988-12-28,1,868,71004892
1893-01-20,18930120,1893-01-20,18930120,1,006,6,1983-03-01,1,869,71004893
1900-01-25,19000125,1900-01-25,19000125,1,018,9,1988-12-22,1,870,71004894
1893-01-20,18930120,1893-01-20,18930120,1,044,9,1988-12-27,1,871,71004895
1890-01-01,18900101,1890-01-01,18900101,1,044,9,1988-12-27,1,872,71004896
,18550000,,18550000,1,018,9,1988-12-27,1,873,71004897
1890-01-01,18900101,1890-01-01,18900101,1,018,9,1988-12-20,1,874,71004898
,19010000,,19010000,1,023,9,1988-12-28,1,876,71004913
1936-09-30,19360930,1936-09-30,19360930,1,022,9,1997-06-10,1,878,71004923
,18880000,,18880000,1,013,9,2006-06-24,1,879,71004942
,18880000,,18880000,1,014,9,2006-06-24,1,880,71004942
1878-09-01,18780901,1878-09-01,18780901,1,042,9,1983-03-01,1,881,71004962
,18700600,,18700600,1,046,9,1988-12-22,1,882,71004964
,18690000,,18690000,1,042,9,1988-12-22,1,883,71004966
1870-02-01,18700201,1870-02-01,18700201,1,042,9,1988-12-28,1,884,71004968
1845-03-10,18450310,1845-03-10,18450310,1,042,9,1983-03-01,1,885,71004969
1894-01-01,18940101,1894-01-01,18940101,1,046,9,1983-03-01,1,886,71005043
1891-07-01,18910701,1891-07-01,18910701,1,046,9,1983-03-01,1,888,71005057
1891-09-01,18910901,1891-09-01,18910901,1,046,6,1999-11-02,1,889,71005058
1894-12-01,18941201,1894-12-01,18941201,1,039,9,1988-12-28,1,890,71005086
1902-11-09,19021109,1902-11-09,19021109,1,039,9,1983-03-01,1,891,71005088
1904-11-15,19041115,1904-11-15,19041115,1,052,9,1983-03-01,1,893,71005101
,19031200,,19031200,1,021,9,1983-03-01,1,894,71005131
,18980900,,18980900,1,040,9,1988-12-28,1,895,71005155
,18760000,,18760000,1,040,9,2007-01-20,1,896,71005157
1886-04-01,18860401,1886-04-01,18860401,1,040,9,1988-12-27,1,897,71005163
1897-03-15,18970315,1897-03-15,18970315,1,001,9,1988-12-27,1,898,71005166
1885-07-01,18850701,1885-07-01,18850701,1,001,9,1983-03-01,1,899,71005218
,18860000,,18860000,1,049,9,1983-03-01,1,900,71005227
1875-07-10,18750710,1875-07-10,18750710,1,042,9,1983-03-01,1,901,71005235
1885-08-15,18850815,1885-08-15,18850815,1,042,9,1983-03-01,1,902,71005247
,18981100,,18981100,1,046,9,1988-12-22,1,903,71005322
,18670000,,18670000,1,004,9,1983-03-01,1,904,71005369
,19010000,,19010000,1,047,9,2006-12-16,1,905,71005374
,18550000,,18550000,1,018,9,1988-12-27,1,906,71005396
,18860000,,18860000,1,006,9,2006-07-29,1,907,71005480
,18940000,,18940000,1,006,9,1986-07-29,1,908,71005481
,19040600,,19040600,1,006,9,2006-07-22,1,909,71005482
1874-12-01,18741201,1874-12-01,18741201,1,052,6,1999-11-02,1,910,71005494
,18650000,,18650000,1,051,9,1988-12-22,1,911,71005495
,18650000,,18650000,1,051,6,1999-11-02,1,912,71005496
,18780000,,18780000,1,051,9,1988-12-27,1,913,71005531
,19050100,,19050100,1,051,9,1983-03-01,1,914,71005532
,18780000,,18780000,1,051,2,2010-01-13,1,915,71005533
1903-04-01,19030401,1903-04-01,19030401,1,039,9,1983-03-01,1,916,71005548
1885-08-03,18850803,1885-08-03,18850803,1,017,9,2007-01-06,1,917,71005564
1889-11-01,18891101,1889-11-01,18891101,1,046,9,1988-12-22,1,919,71005610
1889-11-01,18891101,1889-11-01,18891101,1,046,9,1988-12-22,1,920,71005611
,18800000,,18800000,1,046,6,1999-11-02,1,921,71005613
,18720000,,18720000,1,039,9,1983-03-01,1,922,71005619
1898-02-15,18980215,1898-02-15,18980215,1,039,9,1983-03-01,1,923,71005621
,18910000,,18910000,1,021,9,1988-12-27,1,924,71005636
,18650000,,18650000,1,046,9,1983-03-01,1,925,71005663
1877-05-01,18770501,1877-05-01,18770501,1,046,9,2008-02-16,1,926,71005695
,18990100,,18990100,1,017,9,1988-12-28,1,927,71005696
,18770000,,18770000,1,006,9,1988-12-27,1,928,71005717
,18781200,,18781200,1,046,9,1983-03-01,1,929,71005718
1903-01-25,19030125,1903-01-25,19030125,1,046,6,1999-11-02,1,930,71005724
1890-07-01,18900701,1890-07-01,18900701,1,002,9,1983-03-01,1,931,71005742
1904-06-01,19040601,1904-06-01,19040601,1,046,2,2020-03-16,1,932,71005764
,18800000,,18800000,1,034,9,1988-12-27,1,933,71005782
,18830900,,18830900,1,034,9,1986-07-14,1,934,71005783
1889-06-05,18890605,1889-06-05,18890605,1,033,9,1986-07-14,1,935,71005786
,19010500,,19010500,1,034,9,1986-07-14,1,936,71005788
1895-02-04,18950204,1895-02-04,18950204,1,038,9,1983-03-01,1,937,71005816
1896-01-01,18960101,1896-01-01,18960101,1,006,9,1988-12-21,1,938,71005818
1892-01-01,18920101,1892-01-01,18920101,1,046,6,1999-11-02,1,939,71005839
1884-08-28,18840828,1884-08-28,18840828,1,021,9,1983-03-01,1,940,71005846
1883-12-29,18831229,1883-12-29,18831229,1,018,9,1983-03-01,1,941,71005873
1886-07-01,18860701,1886-07-01,18860701,1,007,9,1983-03-01,1,942,71005884
,18981000,,18981000,1,039,9,2006-09-09,1,943,71005911
1890-06-18,18900618,1890-06-18,18900618,1,018,6,1999-11-02,1,944,71005915
,18851000,,18851000,1,018,9,1983-03-01,1,946,71005944
1885-03-01,18850301,1885-03-01,18850301,1,048,9,1983-03-01,1,947,71005959
1877-01-01,18770101,1877-01-01,18770101,1,018,6,1999-11-02,1,948,71005969
,18420000,,18420000,1,042,9,1983-03-01,1,949,71005980
,18620000,,18620000,1,042,9,1983-03-01,1,950,71005983
,18730800,,18730800,1,023,9,2006-08-19,1,951,71005999
,18310000,,18310000,1,018,6,1999-11-02,1,953,71006025
,18780400,,18780400,1,015,9,1992-11-03,1,954,71006048
,18700000,,18700000,1,015,9,1988-12-28,1,955,71006049
,18761000,,18761000,1,015,9,1992-11-03,1,956,71006050
,18730300,,18730300,1,015,2,1991-11-01,1,957,71006053
,18980500,,18980500,1,023,9,1988-12-28,1,958,71006063
1864-01-01,18640101,1864-01-01,18640101,1,019,6,1999-11-02,1,959,71006088
,0,,0,1,003,2,1983-03-01,1,961,71006107
1890-06-01,18900601,1890-06-01,18900601,1,018,9,1988-12-20,1,962,71006117
1870-03-30,18700330,1870-03-30,18700330,1,014,9,2007-01-13,1,963,71006132
1905-02-06,19050206,1905-02-06,19050206,1,051,9,1988-12-27,1,964,71006164
1890-06-01,18900601,1890-06-01,18900601,1,018,9,2007-03-31,1,965,71006265
1889-02-15,18890215,1889-02-15,18890215,1,018,9,1983-03-01,1,966,71006267
1893-12-09,18931209,1893-12-09,18931209,1,018,9,1986-07-14,1,967,71006268
,18850000,,18850000,1,018,9,1988-12-27,1,968,71006311
1886-10-01,18861001,1886-10-01,18861001,1,018,9,1983-03-01,1,969,71006312
1883-03-01,18830301,1883-03-01,18830301,1,018,9,1988-12-28,1,970,71006321
,18941000,,18941000,1,006,9,2006-08-26,1,971,71006339
,18690100,,18690100,1,023,9,1988-12-20,1,972,71006363
1890-08-01,18900801,1890-08-01,18900801,1,046,9,2007-10-06,1,973,71006372
,18840300,,18840300,1,039,9,1988-12-22,1,974,71006394
1903-05-01,19030501,1903-05-01,19030501,1,006,9,2007-03-31,1,975,71006423
1899-03-25,18990325,1899-03-25,18990325,1,039,9,1986-07-14,1,976,71006433
,18821100,,18821100,1,042,2,2020-03-16,1,977,71006438
1887-10-21,18871021,1887-10-21,18871021,0,004,6,1983-03-01,1,978,71006495
,0,,0,1,052,1,1983-08-09,1,979,71006495
,18890000,,18890000,1,019,9,2006-12-23,1,980,71006540
,18970900,,18970900,0,018,1,1982-06-01,1,981,71006555
,19010800,,19010800,1,028,9,1983-03-01,1,982,71006566
,18960200,,18960200,1,028,9,2001-04-28,1,983,71006569
,18840000,,18840000,1,046,6,1999-11-02,1,984,71006605
1900-12-18,19001218,1900-12-18,19001218,1,018,9,1983-03-01,1,985,71006624
,18380000,,18380000,1,036,9,1986-01-21,1,986,71006636
1905-05-04,19050504,1905-05-04,19050504,1,015,9,1983-03-01,1,987,71006653
,18930000,,18930000,1,011,9,1988-12-22,1,988,71006697
,18580000,,18580000,1,011,9,1983-03-01,1,989,71006702
,18650000,,18650000,1,005,9,1983-03-01,1,990,71006703
,18860000,,18860000,1,046,9,2006-05-27,1,991,71006715
,17820000,,17820000,1,014,9,1988-12-28,1,992,71006744
1890-06-18,18900618,1890-06-18,18900618,1,032,2,2020-03-16,1,993,71006755
1901-01-01,19010101,1901-01-01,19010101,1,046,6,1999-11-02,1,994,71006766
,18991000,,18991000,1,019,6,1999-11-02,1,995,71006769
1889-05-01,18890501,1889-05-01,18890501,6,046,9,2006-09-09,1,996,71006786
1880-12-01,18801201,1880-12-01,18801201,1,039,9,1983-03-01,1,997,71006792
1903-01-01,19030101,1903-01-01,19030101,1,015,2,2020-03-16,1,998,71006820
,18570000,,18570000,1,039,9,1987-05-07,1,999,71006848
,18610000,,18610000,1,039,9,2007-01-06,1,1000,71006849
,18990600,,18990600,1,023,9,1988-12-27,1,1002,71006900
,18870000,,18870000,1,023,9,1988-12-27,1,1003,71006901
,19050300,,19050300,1,018,9,1988-12-28,1,1005,71006944
,17760600,,17760600,1,023,9,2009-01-31,1,1006,71006945
,19000600,,19000600,1,037,9,1983-03-01,1,1007,71007029
1880-02-07,18800207,1880-02-07,18800207,1,039,9,1983-03-01,1,1008,71007030
1886-11-01,18861101,1886-11-01,18861101,1,046,9,2006-06-24,1,1009,71007033
,18860000,,18860000,1,046,2,2019-07-17,1,1010,71007061
,18610000,,18610000,1,046,9,2007-03-31,1,1011,71007147
,18450000,,18450000,1,030,9,1983-03-01,1,1013,71007157
1901-12-03,19011203,1901-12-03,19011203,1,030,2,2020-03-16,1,1014,71007158
1884-07-01,18840701,1884-07-01,18840701,1,046,9,2007-02-10,1,1015,71007181
1888-09-01,18880901,1888-09-01,18880901,1,046,9,2006-08-05,1,1016,71007182
,19010000,,19010000,1,035,2,2020-03-16,1,1017,71007204
,18850000,,18850000,1,052,9,1986-07-29,1,1018,71007262
1902-10-01,19021001,1902-10-01,19021001,1,046,6,1999-11-02,1,1019,71007305
,18840200,,18840200,1,018,9,2007-01-20,1,1020,71007317
,18940900,,18940900,1,038,9,1983-03-01,1,1021,71007344
1894-01-01,18940101,1894-01-01,18940101,1,046,9,2007-03-31,1,1022,71007349
,18730000,,18730000,1,016,9,1988-12-27,1,1023,71007350
1893-09-25,18930925,1893-09-25,18930925,1,044,9,1983-03-01,1,1025,71007381
1893-09-01,18930901,1893-09-01,18930901,1,039,2,2016-09-02,1,1026,71007405
1900-01-01,19000101,1900-01-01,19000101,1,050,9,1993-12-06,1,1027,71007409
,18810100,,18810100,1,013,9,1988-12-28,1,1028,71007427
1894-10-13,18941013,1894-10-13,18941013,1,006,9,1988-12-21,1,1030,71007470
1896-07-24,18960724,1896-07-24,18960724,1,046,9,1988-12-21,1,1031,71007472
,18200100,,18200100,1,047,9,1988-12-22,1,1032,71007489
1898-04-15,18980415,1898-04-15,18980415,1,046,9,1988-12-28,1,1033,71007496
1902-03-05,19020305,1902-03-05,19020305,1,046,2,2016-10-25,1,1034,71007501
1877-09-08,18770908,1877-09-08,18770908,1,033,9,1988-12-27,1,1035,71007535
1896-01-01,18960101,1896-01-01,18960101,1,044,2,2009-03-30,1,1037,71007578
1891-12-01,18911201,1891-12-01,18911201,1,016,9,1992-11-03,1,1038,71007586
1889-09-15,18890915,1889-09-15,18890915,1,016,9,1992-11-03,1,1039,71007589
,18960200,,18960200,1,039,2,2020-03-16,1,1040,71007641
,18800000,,18800000,1,049,9,2006-08-19,1,1041,71007696
1888-11-02,18881102,1888-11-02,18881102,1,046,9,2007-01-27,1,1042,71007714
,18930000,,18930000,1,016,9,1983-03-01,1,1043,71007724
,18930000,,18930000,1,016,9,1983-03-01,1,1044,71007725
,18910000,,18910000,1,016,9,1988-12-28,1,1046,71007727
1901-09-01,19010901,1901-09-01,19010901,1,046,9,1988-12-20,1,1047,71007731
,18550000,,18550000,1,043,9,1989-01-10,1,1048,71007732
1899-11-01,18991101,1899-11-01,18991101,1,046,9,2006-07-29,1,1049,71007736
1903-10-19,19031019,1903-10-19,19031019,1,012,9,2007-05-26,1,1050,71007743
1891-09-30,18910930,1891-09-30,18910930,1,016,9,1983-03-01,1,1051,71007777
1902-12-15,19021215,1902-12-15,19021215,1,039,9,2007-02-03,1,1052,71007781
1903-06-01,19030601,1903-06-01,19030601,1,013,6,1999-11-02,1,1053,71007804
,18660100,,18660100,1,046,6,1999-11-02,1,1055,71007815
,18660100,,18660100,1,046,9,1988-12-27,1,1056,71007816
,18890700,,18890700,1,046,9,2007-06-09,1,1057,71007826
1898-07-01,18980701,1898-07-01,18980701,1,039,9,2006-11-25,1,1058,71007844
,19040800,,19040800,1,001,6,1999-11-02,1,1059,71007854
1902-01-01,19020101,1902-01-01,19020101,1,012,9,2006-08-12,1,1060,71007867
,18840600,,18840600,1,015,2,2009-03-30,1,1061,71007886
,18990000,,18990000,1,023,2,2020-03-16,1,1062,71007892
,18780000,,18780000,1,023,9,2006-11-11,1,1063,71007898
,18810000,,18810000,1,023,9,1983-03-01,1,1064,71007902
,0,,0,1,023,9,1983-03-01,1,1065,71007912
,18920000,,18920000,1,023,9,2006-11-11,1,1066,71007916
,18920000,,18920000,1,023,9,1988-12-27,1,1067,71007918
1889-09-15,18890915,1889-09-15,18890915,1,013,9,2008-01-19,1,1068,71007919
1902-09-01,19020901,1902-09-01,19020901,1,013,9,2008-02-02,1,1069,71007920
,18650000,,18650000,1,023,9,1983-03-01,1,1070,71007921
,18800000,,18800000,1,023,9,1983-03-01,1,1071,71007927
1885-01-01,18850101,1885-01-01,18850101,1,039,9,2007-01-20,1,1072,71007943
,19030100,,19030100,0,039,1,1983-08-30,1,1073,71007957
,18840400,,18840400,0,039,1,1983-08-30,1,1074,71007958
1895-01-01,18950101,1895-01-01,18950101,1,046,9,1983-03-01,1,1075,71007983
,18860000,,18860000,2,013,9,1988-12-21,1,1076,71008013
1889-04-01,18890401,1889-04-01,18890401,1,018,9,1988-12-27,1,1077,71008016
,18910700,,18910700,1,046,9,1983-03-01,1,1078,71008042
1877-03-15,18770315,1877-03-15,18770315,1,049,9,2008-03-08,1,1079,71008054
,18830000,,18830000,1,037,9,2007-08-18,1,1080,71008095
,18830000,,18830000,1,037,9,2007-08-18,1,1081,71008096
1905-01-20,19050120,1905-01-20,19050120,1,012,9,1988-12-22,1,1083,71008121
,19000400,,19000400,1,015,9,1988-12-20,1,1084,71008122
,18800600,,18800600,1,023,9,2006-11-11,1,1085,71008132
,18850800,,18850800,1,046,9,2007-03-17,1,1086,71008138
,18900000,,18900000,1,046,9,1988-12-22,1,1087,71008144
,18890000,,18890000,1,046,9,2007-09-29,1,1088,71008150
1894-04-01,18940401,1894-04-01,18940401,1,046,6,1999-11-02,1,1092,71008172
,18890000,,18890000,1,023,9,1983-03-01,1,1093,71008194
,18940000,,18940000,1,023,9,1983-03-01,1,1094,71008195
,18690000,,18690000,1,008,9,1988-12-27,1,1095,71008248
